Student_ID,Name,Age,Gender,Class,Math,Science,English,Attendance,City
101,Aarav,17,M,11,85,78,92,95,Kathmandu
102,Sita,16,F,11,92,88,95,98,Butwal
103,Rohan,17,M,11,76,81,72,87,Pokhara
104,Anisha,16,F,11,89,94,88,96,Kathmandu
105,Bibek,18,M,12,65,70,68,75,Butwal
106,Priya,17,F,12,95,91,97,99,Pokhara
107,Suman,18,M,12,72,68,75,82,Kathmandu
108,Nisha,17,F,12,88,85,90,93,Butwal
109,Raj,16,M,11,45,52,48,65,Pokhara
110,Manisha,17,F,11,91,89,94,97,Kathmandu
111,Amir,18,M,12,78,80,,88,Butwal
112,Kiran,17,F,12,84,79,86,,Pokhara
113,Deepak,16,M,11,59,61,55,72,Kathmandu
114,Samiksha,17,F,11,87,93,91,95,Butwal
115,Ramesh,18,M,12,70,74,69,80,Pokhara
116,Sunita,17,F,12,93,90,96,98,Kathmandu
117,Ravi,16,M,11,82,77,85,91,Butwal
118,Puja,17,F,11,90,,89,94,Pokhara
119,Anil,18,M,12,55,60,57,70,Kathmandu
120,Sarita,17,F,12,96,94,98,100,Butwal